quantity,original_price,unit_price,item_total,channel,channel_campaigns,product_id,product_name,category,brand,color,size,catalog_price,cost_price,gender
1,81.8,81.8,81.8,App Mobile,App Mobile,1,Soft Wrap Dress,Dresses,Tiva,Green,S,40.41,20.7,Female
1,81.79,81.79,81.79,E-commerce,Website Banner,2,Soft Wrap Tee,T-Shirts,Tiva,White,S,78.45,53.76,Female
1,80.76,80.76,80.76,App Mobile,App Mobile,3,Soft Linen Tee,T-Shirts,Tiva,Green,XL,23.9,14.81,Female
1,78.52,78.52,78.52,App Mobile,App Mobile,4,Soft Ribbed Tee,T-Shirts,Tiva,White,S,60.0,34.78,Female
1,78.52,78.52,78.52,App Mobile,App Mobile,5,Soft Wrap Trousers,Pants,Tiva,Blue,M,36.84,16.46,Female
1,78.52,78.52,78.52,App Mobile,App Mobile,6,Soft Wrap Shoes,Shoes,Tiva,Green,36,70.86,31.66,Female
1,77.9,77.9,77.9,App Mobile,App Mobile,7,Soft Linen Dress,Dresses,Tiva,White,M,57.66,24.07,Female
1,76.15,76.15,76.15,App Mobile,App Mobile,8,Soft Linen Trousers,Pants,Tiva,Green,M,50.91,33.59,Female
1,75.47,75.47,75.47,E-commerce,Website Banner,9,Soft Linen Shoes,Shoes,Tiva,Red,40,40.5,23.5,Female
1,75.47,75.47,75.47,E-commerce,Website Banner,10,Soft Ribbed Trousers,Pants,Tiva,Black,L,79.7,48.81,Female
1,75.4,75.4,75.4,E-commerce,Website Banner,11,Soft Ribbed Shoes,Shoes,Tiva,Green,38,51.09,20.75,Female
1,75.4,75.4,75.4,App Mobile,App Mobile,12,Soft Ribbed Dress,Dresses,Tiva,Red,XL,44.77,30.93,Female
1,75.17,75.17,75.17,E-commerce,Website Banner,13,Soft Cotton Shoes,Shoes,Tiva,Green,36,34.25,22.25,Female
1,75.17,75.17,75.17,E-commerce,Website Banner,14,Soft Cotton Dress,Dresses,Tiva,Black,XS,24.96,11.57,Female
1,74.81,74.81,74.81,App Mobile,App Mobile,15,Soft Cotton Tee,T-Shirts,Tiva,Blue,S,61.26,27.85,Female
1,74.28,74.28,74.28,E-commerce,Website Banner,16,Soft Cotton Trousers,Pants,Tiva,Blue,M,40.36,18.36,Female
1,74.26,74.26,74.26,App Mobile,App Mobile,17,Soft Satin Dress,Dresses,Tiva,Blue,L,51.9,25.5,Female
1,74.26,74.26,74.26,App Mobile,App Mobile,18,Soft Satin Shoes,Shoes,Tiva,Green,XS,40.99,22.85,Female
1,72.58,72.58,72.58,App Mobile,App Mobile,19,Soft Silk Dress,Dresses,Tiva,Blue,S,65.26,34.56,Female
1,71.86,71.86,71.86,App Mobile,App Mobile,20,Soft Crew Dress,Dresses,Tiva,White,XS,45.42,22.14,Female
1,71.15,71.15,71.15,E-commerce,Website Banner,21,Soft Silk Shoes,Shoes,Tiva,Red,36,43.3,25.27,Female
1,70.82,70.82,70.82,App Mobile,App Mobile,22,Soft Satin Tee,T-Shirts,Tiva,Black,XS,58.26,25.74,Female
1,70.56,70.56,70.56,App Mobile,App Mobile,23,Soft Sleeveless Dress,Dresses,Tiva,Red,XL,27.5,13.41,Female
1,69.82,69.82,69.82,E-commerce,Website Banner,24,Soft High-Waist Dress,Dresses,Tiva,Green,S,42.76,21.8,Female
1,69.82,69.82,69.82,App Mobile,App Mobile,25,Soft Wrap Set,Sleepwear,Tiva,Red,L,52.94,28.42,Female
1,69.82,69.82,69.82,App Mobile,App Mobile,26,Soft Crew Shoes,Shoes,Tiva,White,40,57.48,36.53,Female
1,69.54,69.54,69.54,E-commerce,Website Banner,27,Soft Boxy Dress,Dresses,Tiva,Red,XL,57.35,26.38,Female
1,69.48,69.48,69.48,E-commerce,Website Banner,28,Soft Sleeveless Shoes,Shoes,Tiva,Red,38,51.18,28.37,Female
1,69.48,69.48,69.48,App Mobile,App Mobile,29,Soft Linen Set,Sleepwear,Tiva,White,XS,44.27,25.58,Female
1,68.47,68.47,68.47,App Mobile,App Mobile,30,Soft Satin Trousers,Pants,Tiva,Blue,XS,31.09,12.87,Female
1,68.47,68.47,68.47,E-commerce,Website Banner,31,Soft Silk Trousers,Pants,Tiva,White,L,69.82,40.65,Female
1,68.03,68.03,68.03,E-commerce,Website Banner,32,Soft Silk Tee,T-Shirts,Tiva,Blue,XS,54.83,24.74,Female
1,67.73,67.73,67.73,App Mobile,App Mobile,33,Modern Wrap Dress,Dresses,Tiva,Blue,XL,65.23,27.36,Female
1,67.37,67.37,67.37,E-commerce,Website Banner,34,Modern Linen Dress,Dresses,Tiva,Green,S,48.34,33.1,Female
1,66.99,66.99,66.99,App Mobile,App Mobile,35,Modern Ribbed Dress,Dresses,Tiva,White,XL,61.61,42.49,Female
1,66.87,66.87,66.87,App Mobile,App Mobile,36,Modern Cotton Dress,Dresses,Tiva,Red,L,72.06,46.3,Female
1,66.68,66.68,66.68,App Mobile,App Mobile,37,Soft Crew Trousers,Pants,Tiva,Red,XS,51.33,25.22,Female
1,66.68,66.68,66.68,App Mobile,App Mobile,38,Soft Crew Tee,T-Shirts,Tiva,Red,XS,62.8,26.96,Female
1,66.63,66.63,66.63,App Mobile,App Mobile,39,Soft Sleeveless Trousers,Pants,Tiva,Red,M,29.97,18.14,Female
1,66.52,66.52,66.52,App Mobile,App Mobile,40,Soft High-Waist Trousers,Pants,Tiva,White,L,53.19,28.3,Female
1,66.52,66.52,66.52,E-commerce,Website Banner,41,Soft Boxy Trousers,Pants,Tiva,Green,M,37.94,16.57,Female
1,66.33,66.33,66.33,E-commerce,Website Banner,42,Soft Ribbed Set,Sleepwear,Tiva,Green,L,54.2,29.73,Female
1,64.5,64.5,64.5,App Mobile,App Mobile,43,Modern Satin Dress,Dresses,Tiva,Blue,L,49.4,20.27,Female
1,64.5,64.5,64.5,App Mobile,App Mobile,44,Modern Wrap Trousers,Pants,Tiva,Red,XS,64.84,43.62,Female
1,64.44,64.44,64.44,E-commerce,Website Banner,45,Soft Sleeveless Tee,T-Shirts,Tiva,Red,S,54.16,25.87,Female
1,64.44,64.44,64.44,App Mobile,App Mobile,46,Soft Cotton Set,Sleepwear,Tiva,Blue,XS,25.15,15.06,Female
1,64.11,64.11,64.11,E-commerce,Website Banner,47,Soft High-Waist Tee,T-Shirts,Tiva,White,XS,53.73,26.52,Female
1,63.82,63.82,63.82,App Mobile,App Mobile,48,Soft High-Waist Shoes,Shoes,Tiva,Red,XS,54.38,30.24,Female
1,63.79,63.79,63.79,E-commerce,Website Banner,49,Soft Boxy Tee,T-Shirts,Tiva,Black,XS,57.35,32.35,Female
1,63.22,63.22,63.22,E-commerce,Website Banner,50,Modern Wrap Tee,T-Shirts,Tiva,Red,M,61.95,28.22,Female
1,63.03,63.03,63.03,App Mobile,App Mobile,51,Soft Satin Set,Sleepwear,Tiva,Green,XL,25.38,17.53,Female
1,62.92,62.92,62.92,E-commerce,Website Banner,52,Modern Linen Tee,T-Shirts,Tiva,White,XL,53.61,33.91,Female
1,62.8,62.8,62.8,App Mobile,App Mobile,53,Soft Boxy Shoes,Shoes,Tiva,Black,XS,57.17,38.98,Female
1,62.63,62.63,62.63,App Mobile,App Mobile,54,Modern Silk Dress,Dresses,Tiva,Blue,L,60.33,40.33,Female
1,62.27,62.27,62.27,E-commerce,Website Banner,55,Modern Ribbed Tee,T-Shirts,Tiva,Red,XS,44.32,25.68,Female
1,62.17,62.17,62.17,App Mobile,App Mobile,56,Modern Wrap Shoes,Shoes,Tiva,Red,XS,62.92,42.57,Female
1,62.17,62.17,62.17,App Mobile,App Mobile,57,Modern Crew Dress,Dresses,Tiva,Green,M,52.28,22.3,Female
1,61.95,61.95,61.95,App Mobile,App Mobile,58,Modern Sleeveless Dress,Dresses,Tiva,Red,XL,35.81,16.43,Female
1,61.67,61.67,61.67,App Mobile,App Mobile,59,Soft Silk Set,Sleepwear,Tiva,Blue,S,34.58,14.3,Female
1,61.61,61.61,61.61,App Mobile,App Mobile,60,Modern Cotton Tee,T-Shirts,Tiva,Green,M,81.7,40.65,Female
1,61.61,61.61,61.61,E-commerce,Website Banner,61,Modern Satin Tee,T-Shirts,Tiva,Green,XL,50.88,26.28,Female
1,61.6,61.6,61.6,App Mobile,App Mobile,62,Modern Linen Trousers,Pants,Tiva,Green,XL,46.09,22.19,Female
1,61.6,61.6,61.6,App Mobile,App Mobile,63,Soft Crew Set,Sleepwear,Tiva,Green,XL,58.67,38.05,Female
1,61.22,61.22,61.22,App Mobile,App Mobile,64,Soft Sleeveless Set,Sleepwear,Tiva,Black,M,13.51,6.85,Female
1,60.89,60.89,60.89,E-commerce,Website Banner,65,Modern Silk Tee,T-Shirts,Tiva,Green,M,27.45,13.29,Female
1,60.89,60.89,60.89,App Mobile,App Mobile,66,Modern High-Waist Dress,Dresses,Tiva,Black,S,24.13,13.58,Female
1,60.89,60.89,60.89,App Mobile,App Mobile,67,Modern Crew Tee,T-Shirts,Tiva,Blue,XS,67.37,29.8,Female
1,60.83,60.83,60.83,E-commerce,Website Banner,68,Soft High-Waist Set,Sleepwear,Tiva,Blue,M,47.27,30.28,Female
1,60.68,60.68,60.68,App Mobile,App Mobile,69,Modern Linen Shoes,Shoes,Tiva,White,38,49.98,21.11,Female
1,60.68,60.68,60.68,E-commerce,Website Banner,70,Modern Boxy Dress,Dresses,Tiva,White,L,66.33,46.17,Female
1,60.34,60.34,60.34,App Mobile,App Mobile,71,Modern Ribbed Trousers,Pants,Tiva,Red,XL,80.76,51.01,Female
1,60.34,60.34,60.34,App Mobile,App Mobile,72,Classic Wrap Dress,Dresses,Tiva,Red,M,72.8,33.46,Female
1,60.34,60.34,60.34,E-commerce,Website Banner,73,Soft Boxy Set,Sleepwear,Tiva,Black,XS,53.25,21.39,Female
1,60.33,60.33,60.33,App Mobile,App Mobile,74,Modern Wrap Set,Sleepwear,Tiva,Red,XS,40.94,26.39,Female
1,60.31,60.31,60.31,E-commerce,Website Banner,75,Modern Linen Set,Sleepwear,Tiva,Green,M,52.83,32.33,Female
1,66.87,60.18,60.18,E-commerce,Website Banner,76,Modern Cotton Trousers,Pants,Tiva,Blue,L,51.7,31.99,Female
1,60.12,60.12,60.12,App Mobile,App Mobile,77,Classic Linen Dress,Dresses,Tiva,Black,XS,52.38,33.07,Female
1,59.92,59.92,59.92,E-commerce,Website Banner,78,Modern Ribbed Shoes,Shoes,Tiva,Green,35,59.21,25.0,Female
1,59.78,59.78,59.78,App Mobile,App Mobile,79,Modern Satin Trousers,Pants,Tiva,Red,L,63.22,32.09,Female
1,59.77,59.77,59.77,E-commerce,Website Banner,80,Classic Ribbed Dress,Dresses,Tiva,Black,S,31.86,13.85,Female
1,59.58,59.58,59.58,E-commerce,Website Banner,81,Modern Ribbed Set,Sleepwear,Tiva,Black,XL,29.63,19.52,Female
1,59.56,59.56,59.56,E-commerce,Website Banner,82,Classic Cotton Dress,Dresses,Tiva,Green,S,32.21,18.91,Female
1,59.38,59.38,59.38,App Mobile,App Mobile,83,Modern Sleeveless Tee,T-Shirts,Tiva,Blue,XS,57.8,28.86,Female
1,59.38,59.38,59.38,E-commerce,Website Banner,84,Modern Cotton Shoes,Shoes,Tiva,Blue,38,31.84,13.34,Female
1,59.32,59.32,59.32,App Mobile,App Mobile,85,Classic Satin Dress,Dresses,Tiva,Red,XS,37.35,18.42,Female
1,59.07,59.07,59.07,App Mobile,App Mobile,86,Modern Cotton Set,Sleepwear,Tiva,White,XL,41.26,20.53,Female
1,59.07,59.07,59.07,App Mobile,App Mobile,87,Classic Silk Dress,Dresses,Tiva,White,M,53.32,33.0,Female
1,59.07,59.07,59.07,App Mobile,App Mobile,88,Modern Satin Set,Sleepwear,Tiva,Red,L,29.81,17.63,Female
1,58.94,58.94,58.94,E-commerce,Website Banner,89,Modern Satin Shoes,Shoes,Tiva,Red,36,45.12,30.06,Female
1,58.67,58.67,58.67,App Mobile,App Mobile,90,Modern Silk Shoes,Shoes,Tiva,Blue,40,31.67,17.15,Female
1,58.34,58.34,58.34,E-commerce,Website Banner,91,Modern Silk Set,Sleepwear,Tiva,Green,XS,33.95,14.8,Female
1,58.34,58.34,58.34,E-commerce,Website Banner,92,Modern Crew Shoes,Shoes,Tiva,Black,XS,40.25,24.71,Female
1,58.34,58.34,58.34,E-commerce,Website Banner,93,Modern Silk Trousers,Pants,Tiva,Black,M,39.18,24.61,Female
1,58.26,58.26,58.26,E-commerce,Website Banner,94,Modern Sleeveless Shoes,Shoes,Tiva,Blue,38,45.8,26.03,Female
1,58.26,58.26,58.26,E-commerce,Website Banner,95,Modern Crew Set,Sleepwear,Tiva,Red,L,31.15,19.66,Female
1,58.25,58.25,58.25,E-commerce,Website Banner,96,Modern High-Waist Tee,T-Shirts,Tiva,Black,XL,39.03,21.39,Female
1,58.11,58.11,58.11,E-commerce,Website Banner,97,Modern High-Waist Shoes,Shoes,Tiva,Red,36,55.27,30.78,Female
1,58.11,58.11,58.11,App Mobile,App Mobile,98,Modern Boxy Shoes,Shoes,Tiva,Black,38,78.52,41.48,Female
1,58.11,58.11,58.11,E-commerce,Website Banner,99,Modern Boxy Tee,T-Shirts,Tiva,White,XS,59.78,24.37,Female
1,58.09,58.09,58.09,App Mobile,App Mobile,100,Classic Crew Dress,Dresses,Tiva,White,XL,56.44,24.4,Female
1,57.8,57.8,57.8,E-commerce,Website Banner,101,Classic Wrap Tee,T-Shirts,Tiva,Green,L,58.11,23.79,Female
1,57.51,57.51,57.51,E-commerce,Website Banner,102,Classic Linen Tee,T-Shirts,Tiva,Green,S,43.06,25.45,Female
1,57.48,57.48,57.48,App Mobile,App Mobile,103,Classic Ribbed Tee,T-Shirts,Tiva,Blue,S,57.0,28.18,Female
1,57.35,57.35,57.35,App Mobile,App Mobile,104,Classic Wrap Shoes,Shoes,Tiva,Green,36,73.78,40.77,Female
1,57.35,57.35,57.35,App Mobile,App Mobile,105,Classic Cotton Tee,T-Shirts,Tiva,Black,S,36.9,24.81,Female
1,57.19,57.19,57.19,App Mobile,App Mobile,106,Classic Satin Tee,T-Shirts,Tiva,Blue,XS,40.75,19.35,Female
1,57.19,57.19,57.19,E-commerce,Website Banner,107,Classic Linen Shoes,Shoes,Tiva,Red,36,55.06,28.8,Female
1,57.17,57.17,57.17,E-commerce,Website Banner,108,Modern Crew Trousers,Pants,Tiva,Green,S,48.19,30.2,Female
1,57.11,57.11,57.11,App Mobile,App Mobile,109,Classic Sleeveless Dress,Dresses,Tiva,Red,M,45.27,21.22,Female
1,57.11,57.11,57.11,E-commerce,Website Banner,110,Classic High-Waist Dress,Dresses,Tiva,Blue,M,58.7,24.84,Female
1,57.11,57.11,57.11,E-commerce,Website Banner,111,Modern Sleeveless Trousers,Pants,Tiva,White,XS,60.36,29.39,Female
1,57.0,57.0,57.0,App Mobile,App Mobile,112,Modern Sleeveless Set,Sleepwear,Tiva,Black,XS,61.2,27.44,Female
1,56.91,56.91,56.91,E-commerce,Website Banner,113,Classic Boxy Dress,Dresses,Tiva,White,XS,39.18,26.6,Female
1,56.91,56.91,56.91,App Mobile,App Mobile,114,Classic Ribbed Shoes,Shoes,Tiva,White,36,21.53,13.83,Female
1,56.7,56.7,56.7,E-commerce,Website Banner,115,Modern High-Waist Set,Sleepwear,Tiva,Green,XL,62.27,36.74,Female
1,56.7,56.7,56.7,App Mobile,App Mobile,116,Modern High-Waist Trousers,Pants,Tiva,Green,M,74.81,49.48,Female
1,56.69,56.69,56.69,App Mobile,App Mobile,117,Vintage Wrap Dress,Dresses,Tiva,Red,M,56.06,35.94,Female
1,56.58,56.58,56.58,E-commerce,Website Banner,118,Classic Silk Tee,T-Shirts,Tiva,Blue,M,46.99,21.43,Female
1,56.44,56.44,56.44,App Mobile,App Mobile,119,Vintage Linen Dress,Dresses,Tiva,Blue,XS,27.34,18.26,Female
1,56.29,56.29,56.29,E-commerce,Website Banner,120,Modern Boxy Set,Sleepwear,Tiva,Green,S,25.7,14.44,Female
1,56.2,56.2,56.2,E-commerce,Website Banner,121,Classic Cotton Shoes,Shoes,Tiva,Black,35,47.91,30.77,Female
1,55.91,55.91,55.91,E-commerce,Website Banner,122,Modern Boxy Trousers,Pants,Tiva,Green,XL,24.8,16.59,Female
1,55.39,55.39,55.39,App Mobile,App Mobile,123,Classic Wrap Set,Sleepwear,Tiva,White,S,61.51,30.47,Female
1,55.27,55.27,55.27,App Mobile,App Mobile,124,Classic Linen Set,Sleepwear,Tiva,White,S,55.04,23.83,Female
1,55.25,55.25,55.25,E-commerce,Website Banner,125,Classic Satin Shoes,Shoes,Tiva,Green,35,61.27,28.7,Female
1,55.06,55.06,55.06,E-commerce,Website Banner,126,Classic Silk Shoes,Shoes,Tiva,Green,XS,55.03,29.06,Female
1,55.06,55.06,55.06,App Mobile,App Mobile,127,Classic Wrap Trousers,Pants,Tiva,Red,XL,53.67,34.64,Female
1,55.04,55.04,55.04,E-commerce,Website Banner,128,Classic Crew Tee,T-Shirts,Tiva,Green,XL,44.9,29.55,Female
1,55.03,55.03,55.03,E-commerce,Website Banner,129,Classic Linen Trousers,Pants,Tiva,Red,XS,60.68,24.4,Female
1,55.01,55.01,55.01,App Mobile,App Mobile,130,Classic Ribbed Set,Sleepwear,Tiva,Black,L,49.12,27.17,Female
1,55.01,55.01,55.01,E-commerce,Website Banner,131,Classic Cotton Set,Sleepwear,Tiva,Black,S,66.63,35.0,Female
1,54.91,54.91,54.91,E-commerce,Website Banner,132,Classic Crew Shoes,Shoes,Tiva,Black,XS,46.9,21.89,Female
1,54.91,54.91,54.91,App Mobile,App Mobile,133,Classic Sleeveless Tee,T-Shirts,Tiva,Blue,XL,53.05,23.13,Female
1,54.87,54.87,54.87,E-commerce,Website Banner,134,Classic Ribbed Trousers,Pants,Tiva,Blue,XL,61.75,30.95,Female
1,54.83,54.83,54.83,E-commerce,Website Banner,135,Classic Sleeveless Shoes,Shoes,Tiva,Blue,40,42.47,29.0,Female
1,54.83,54.83,54.83,E-commerce,Website Banner,136,Classic Cotton Trousers,Pants,Tiva,Red,XS,46.8,23.26,Female
1,54.83,54.83,54.83,App Mobile,App Mobile,137,Classic Satin Trousers,Pants,Tiva,White,XL,46.52,25.85,Female
1,54.28,54.28,54.28,E-commerce,Website Banner,138,Classic High-Waist Shoes,Shoes,Tiva,White,36,49.21,30.06,Female
1,54.2,54.2,54.2,App Mobile,App Mobile,139,Classic High-Waist Tee,T-Shirts,Tiva,Green,L,33.59,17.1,Female
1,54.2,54.2,54.2,E-commerce,Website Banner,140,Vintage Ribbed Dress,Dresses,Tiva,Red,XL,52.08,36.02,Female
1,53.93,53.93,53.93,App Mobile,App Mobile,141,Vintage Cotton Dress,Dresses,Tiva,Blue,XS,39.16,26.97,Female
1,53.74,53.74,53.74,E-commerce,Website Banner,142,Vintage Satin Dress,Dresses,Tiva,White,S,67.29,32.0,Female
1,53.73,53.73,53.73,E-commerce,Website Banner,143,Classic Satin Set,Sleepwear,Tiva,Green,S,39.75,21.83,Female
1,53.7,53.7,53.7,E-commerce,Website Banner,144,Classic Silk Trousers,Pants,Tiva,Blue,L,41.84,20.51,Female
1,53.61,53.61,53.61,E-commerce,Website Banner,145,Classic Boxy Shoes,Shoes,Tiva,Black,40,58.25,28.28,Female
1,53.48,53.48,53.48,App Mobile,App Mobile,146,Vintage Wrap Shoes,Shoes,Tiva,White,36,81.06,33.32,Female
1,53.46,53.46,53.46,E-commerce,Website Banner,147,Vintage Linen Shoes,Shoes,Tiva,Black,35,52.91,30.84,Female
1,53.35,53.35,53.35,E-commerce,Website Banner,148,Classic Boxy Tee,T-Shirts,Tiva,Blue,S,36.69,20.21,Female
1,53.35,53.35,53.35,E-commerce,Website Banner,149,Classic Crew Trousers,Pants,Tiva,Green,L,42.24,17.55,Female
1,53.32,53.32,53.32,App Mobile,App Mobile,150,Vintage Wrap Tee,T-Shirts,Tiva,Green,XS,50.04,24.2,Female
1,53.27,53.27,53.27,App Mobile,App Mobile,151,Classic Sleeveless Trousers,Pants,Tiva,White,L,36.47,24.53,Female
1,53.19,53.19,53.19,E-commerce,Website Banner,152,Classic Silk Set,Sleepwear,Tiva,Black,XS,61.7,29.11,Female
1,59.07,53.16,53.16,E-commerce,Website Banner,153,Vintage Ribbed Shoes,Shoes,Tiva,Red,38,52.36,23.22,Female
1,52.94,52.94,52.94,E-commerce,Website Banner,154,Classic Crew Set,Sleepwear,Tiva,Red,XL,53.74,29.39,Female
1,52.94,52.94,52.94,E-commerce,Website Banner,155,Vintage Silk Dress,Dresses,Tiva,Red,XS,46.07,32.05,Female
1,52.83,52.83,52.83,E-commerce,Website Banner,156,Vintage Crew Dress,Dresses,Tiva,Black,S,55.52,26.24,Female
1,52.65,52.65,52.65,App Mobile,App Mobile,157,Classic Sleeveless Set,Sleepwear,Tiva,Black,M,41.56,25.0,Female
1,52.65,52.65,52.65,App Mobile,App Mobile,158,Vintage Sleeveless Dress,Dresses,Tiva,Black,XL,45.15,28.38,Female
1,52.58,52.58,52.58,App Mobile,App Mobile,159,Classic High-Waist Trousers,Pants,Tiva,Blue,S,33.59,15.83,Female
1,52.58,52.58,52.58,E-commerce,Website Banner,160,Classic High-Waist Set,Sleepwear,Tiva,Green,L,59.38,36.72,Female
1,52.28,52.28,52.28,App Mobile,App Mobile,161,Vintage Linen Tee,T-Shirts,Tiva,White,S,45.75,23.35,Female
1,52.28,52.28,52.28,E-commerce,Website Banner,162,Classic Boxy Set,Sleepwear,Tiva,Green,L,66.5,39.21,Female
1,52.28,52.28,52.28,E-commerce,Website Banner,163,Vintage Wrap Set,Sleepwear,Tiva,Blue,XS,76.96,45.41,Female
1,74.67,52.27,52.27,App Mobile,Social Media,164,Vintage High-Waist Dress,Dresses,Tiva,Blue,M,22.96,12.87,Female
1,52.18,52.18,52.18,App Mobile,App Mobile,165,Vintage Cotton Shoes,Shoes,Tiva,Green,40,42.67,18.22,Female
1,52.1,52.1,52.1,E-commerce,Website Banner,166,Vintage Satin Shoes,Shoes,Tiva,Black,40,65.26,42.46,Female
1,52.08,52.08,52.08,App Mobile,App Mobile,167,Vintage Silk Shoes,Shoes,Tiva,Blue,36,70.55,35.01,Female
1,52.08,52.08,52.08,E-commerce,Website Banner,168,Vintage Ribbed Tee,T-Shirts,Tiva,Red,M,54.74,24.96,Female
1,52.08,52.08,52.08,E-commerce,Website Banner,169,Vintage Linen Set,Sleepwear,Tiva,Red,XL,32.94,13.58,Female
1,52.08,52.08,52.08,E-commerce,Website Banner,170,Vintage Boxy Dress,Dresses,Tiva,Blue,XL,51.27,29.6,Female
1,51.8,51.8,51.8,E-commerce,Website Banner,171,Polished Wrap Dress,Dresses,Tiva,Black,S,30.26,18.25,Female
1,51.8,51.8,51.8,E-commerce,Website Banner,172,Vintage Crew Shoes,Shoes,Tiva,White,40,41.7,16.89,Female
1,51.76,51.76,51.76,E-commerce,Website Banner,173,Polished Linen Dress,Dresses,Tiva,White,L,49.74,27.54,Female
1,51.7,51.7,51.7,App Mobile,App Mobile,174,Vintage Ribbed Set,Sleepwear,Tiva,Red,XL,26.41,12.36,Female
1,51.63,51.63,51.63,E-commerce,Website Banner,175,Vintage Cotton Tee,T-Shirts,Tiva,Black,XS,49.16,29.18,Female
1,51.38,51.38,51.38,E-commerce,Website Banner,176,Polished Ribbed Dress,Dresses,Tiva,White,S,27.94,12.64,Female
1,51.38,51.38,51.38,App Mobile,App Mobile,177,Vintage Cotton Set,Sleepwear,Tiva,Green,S,42.66,25.91,Female
1,51.27,51.27,51.27,E-commerce,Website Banner,178,Classic Boxy Trousers,Pants,Tiva,Black,XS,39.34,20.3,Female
1,51.25,51.25,51.25,App Mobile,App Mobile,179,Vintage Satin Tee,T-Shirts,Tiva,Blue,XS,44.59,30.37,Female
1,51.22,51.22,51.22,E-commerce,Website Banner,180,Vintage Sleeveless Shoes,Shoes,Tiva,Blue,40,38.81,17.13,Female
1,51.17,51.17,51.17,App Mobile,App Mobile,181,Vintage High-Waist Shoes,Shoes,Tiva,Black,35,52.18,26.21,Female
1,51.17,51.17,51.17,E-commerce,Website Banner,182,Vintage Satin Set,Sleepwear,Tiva,Red,S,78.63,34.13,Female
1,51.17,51.17,51.17,App Mobile,App Mobile,183,Vintage Silk Set,Sleepwear,Tiva,White,L,47.87,32.43,Female
1,51.0,51.0,51.0,E-commerce,Website Banner,184,Vintage Wrap Trousers,Pants,Tiva,Green,L,44.08,29.23,Female
1,51.0,51.0,51.0,E-commerce,Website Banner,185,Vintage Linen Trousers,Pants,Tiva,Green,L,47.73,22.79,Female
1,51.0,51.0,51.0,App Mobile,App Mobile,186,Vintage Boxy Shoes,Shoes,Tiva,Green,35,59.35,35.49,Female
1,50.91,50.91,50.91,App Mobile,App Mobile,187,Vintage Ribbed Trousers,Pants,Tiva,Blue,M,30.19,19.48,Female
1,50.88,50.88,50.88,E-commerce,Website Banner,188,Polished Wrap Shoes,Shoes,Tiva,Green,38,55.01,31.17,Female
1,50.86,50.86,50.86,App Mobile,App Mobile,189,Vintage Crew Set,Sleepwear,Tiva,Blue,XS,48.12,26.89,Female
1,50.85,50.85,50.85,App Mobile,App Mobile,190,Polished Cotton Dress,Dresses,Tiva,Red,XS,49.41,23.35,Female
1,50.72,50.72,50.72,App Mobile,App Mobile,191,Polished Satin Dress,Dresses,Tiva,Blue,XS,60.52,25.9,Female
1,50.72,50.72,50.72,App Mobile,App Mobile,192,Polished Silk Dress,Dresses,Tiva,Green,L,62.48,41.81,Female
1,50.68,50.68,50.68,E-commerce,Website Banner,193,Vintage Silk Tee,T-Shirts,Tiva,Blue,XL,50.52,33.85,Female
1,50.68,50.68,50.68,App Mobile,App Mobile,194,Vintage Sleeveless Set,Sleepwear,Tiva,White,M,64.11,37.82,Female
1,50.55,50.55,50.55,App Mobile,App Mobile,195,Vintage Crew Tee,T-Shirts,Tiva,Black,XL,16.69,8.37,Female
1,50.55,50.55,50.55,App Mobile,App Mobile,196,Vintage Cotton Trousers,Pants,Tiva,White,S,59.41,29.99,Female
1,50.55,50.55,50.55,App Mobile,App Mobile,197,Polished Linen Shoes,Shoes,Tiva,Black,35,66.68,41.19,Female
1,50.55,50.55,50.55,E-commerce,Website Banner,198,Polished Crew Dress,Dresses,Tiva,Blue,S,14.64,9.8,Female
1,50.52,50.52,50.52,E-commerce,Website Banner,199,Polished Sleeveless Dress,Dresses,Tiva,Green,S,36.48,24.3,Female
1,50.52,50.52,50.52,App Mobile,App Mobile,200,Vintage High-Waist Set,Sleepwear,Tiva,Black,S,46.41,29.42,Female
1,50.52,50.52,50.52,E-commerce,Website Banner,201,Vintage Sleeveless Tee,T-Shirts,Tiva,White,L,45.62,27.03,Female
1,50.34,50.34,50.34,E-commerce,Website Banner,202,Vintage High-Waist Tee,T-Shirts,Tiva,Green,XL,41.88,17.81,Female
1,50.04,50.04,50.04,App Mobile,App Mobile,203,Polished High-Waist Dress,Dresses,Tiva,White,L,52.1,23.37,Female
1,49.98,49.98,49.98,E-commerce,Website Banner,204,Polished Boxy Dress,Dresses,Tiva,White,XS,39.2,26.25,Female
1,49.84,49.84,49.84,App Mobile,App Mobile,205,Vintage Satin Trousers,Pants,Tiva,Green,XS,24.05,14.0,Female
1,49.84,49.84,49.84,App Mobile,App Mobile,206,Vintage Silk Trousers,Pants,Tiva,Blue,XL,63.03,25.39,Female
1,49.81,49.81,49.81,E-commerce,Website Banner,207,Vintage Boxy Tee,T-Shirts,Tiva,Red,S,67.98,29.26,Female
1,49.76,49.76,49.76,E-commerce,Website Banner,208,Polished Wrap Tee,T-Shirts,Tiva,Green,M,37.45,22.43,Female
1,49.74,49.74,49.74,E-commerce,Website Banner,209,Polished Ribbed Shoes,Shoes,Tiva,Green,40,32.41,13.01,Female
1,49.59,49.59,49.59,App Mobile,App Mobile,210,Vintage Boxy Set,Sleepwear,Tiva,Blue,XL,57.32,25.69,Female
1,49.41,49.41,49.41,E-commerce,Website Banner,211,Polished Cotton Shoes,Shoes,Tiva,Blue,36,43.5,24.56,Female
1,48.88,48.88,48.88,E-commerce,Website Banner,212,Polished Linen Tee,T-Shirts,Tiva,Green,XS,74.13,45.04,Female
1,48.86,48.86,48.86,E-commerce,Website Banner,213,Polished Ribbed Tee,T-Shirts,Tiva,Black,S,57.31,34.13,Female
1,48.73,48.73,48.73,App Mobile,App Mobile,214,Vintage Crew Trousers,Pants,Tiva,Blue,S,59.07,27.6,Female
1,48.64,48.64,48.64,E-commerce,Website Banner,215,Vintage Sleeveless Trousers,Pants,Tiva,Green,L,37.11,22.77,Female
1,53.74,48.37,48.37,E-commerce,Website Banner,216,Polished Satin Shoes,Shoes,Tiva,Blue,XS,48.86,23.02,Female
1,48.34,48.34,48.34,App Mobile,App Mobile,217,Polished Cotton Tee,T-Shirts,Tiva,White,XS,52.12,25.94,Female
1,48.34,48.34,48.34,E-commerce,Website Banner,218,Polished Satin Tee,T-Shirts,Tiva,Red,S,48.73,30.4,Female
1,48.3,48.3,48.3,App Mobile,App Mobile,219,Polished Silk Shoes,Shoes,Tiva,Blue,40,49.76,29.6,Female
1,48.3,48.3,48.3,E-commerce,Website Banner,220,Polished Wrap Set,Sleepwear,Tiva,Red,L,52.6,34.44,Female
1,48.03,48.03,48.03,E-commerce,Website Banner,221,Polished Silk Tee,T-Shirts,Tiva,Black,M,53.7,32.07,Female
1,48.03,48.03,48.03,E-commerce,Website Banner,222,Relaxed Wrap Dress,Dresses,Tiva,Black,M,57.19,32.63,Female
1,47.91,47.91,47.91,E-commerce,Website Banner,223,Vintage High-Waist Trousers,Pants,Tiva,Green,L,57.36,24.56,Female
1,47.87,47.87,47.87,E-commerce,Website Banner,224,Relaxed Linen Dress,Dresses,Tiva,Red,L,75.4,38.48,Female
1,47.73,47.73,47.73,App Mobile,App Mobile,225,Polished Crew Shoes,Shoes,Tiva,White,XS,58.11,27.87,Female
1,47.66,47.66,47.66,App Mobile,App Mobile,226,Polished Linen Set,Sleepwear,Tiva,Green,S,39.78,18.82,Female
1,47.66,47.66,47.66,E-commerce,Website Banner,227,Polished Crew Tee,T-Shirts,Tiva,White,S,57.51,39.79,Female
1,47.59,47.59,47.59,App Mobile,App Mobile,228,Vintage Boxy Trousers,Pants,Tiva,Blue,L,46.89,24.29,Female
1,47.47,47.47,47.47,App Mobile,App Mobile,229,Polished Sleeveless Shoes,Shoes,Tiva,Red,36,45.58,30.43,Female
1,47.47,47.47,47.47,E-commerce,Website Banner,230,Polished Ribbed Set,Sleepwear,Tiva,White,XS,48.3,28.47,Female
1,47.47,47.47,47.47,E-commerce,Website Banner,231,Polished High-Waist Shoes,Shoes,Tiva,Blue,36,44.06,28.13,Female
1,47.44,47.44,47.44,E-commerce,Website Banner,232,Polished Boxy Shoes,Shoes,Tiva,Black,XS,49.34,27.18,Female
1,46.99,46.99,46.99,E-commerce,Website Banner,233,Relaxed Wrap Shoes,Shoes,Tiva,Black,36,38.68,22.17,Female
1,52.12,46.91,46.91,E-commerce,Email,234,Polished Sleeveless Tee,T-Shirts,Tiva,Blue,S,80.0,43.82,Female
1,52.11,46.9,46.9,E-commerce,Email,235,Polished Cotton Set,Sleepwear,Tiva,Black,M,23.68,10.86,Female
1,46.9,46.9,46.9,E-commerce,Website Banner,236,Relaxed Linen Shoes,Shoes,Tiva,Black,XS,62.93,38.81,Female
1,46.72,46.72,46.72,E-commerce,Website Banner,237,Relaxed Ribbed Dress,Dresses,Tiva,Green,XL,64.08,31.03,Female
1,66.63,46.64,46.64,App Mobile,Social Media,238,Polished High-Waist Tee,T-Shirts,Tiva,Black,XS,85.9,34.99,Female
1,46.52,46.52,46.52,App Mobile,App Mobile,239,Polished Wrap Trousers,Pants,Tiva,Green,XL,66.99,39.77,Female
1,46.52,46.52,46.52,E-commerce,Website Banner,240,Polished Linen Trousers,Pants,Tiva,Blue,M,38.14,17.28,Female
1,46.36,46.36,46.36,App Mobile,App Mobile,241,Polished Ribbed Trousers,Pants,Tiva,Black,L,29.82,20.34,Female
1,46.11,46.11,46.11,App Mobile,App Mobile,242,Relaxed Ribbed Shoes,Shoes,Tiva,Black,XS,51.25,35.17,Female
1,45.8,45.8,45.8,E-commerce,Website Banner,243,Polished Satin Set,Sleepwear,Tiva,Black,S,37.06,25.0,Female
1,45.8,45.8,45.8,E-commerce,Website Banner,244,Relaxed Cotton Shoes,Shoes,Tiva,Red,40,59.32,30.32,Female
1,45.75,45.75,45.75,App Mobile,App Mobile,245,Relaxed Cotton Dress,Dresses,Tiva,Blue,L,24.91,10.08,Female
1,65.26,45.68,45.68,App Mobile,Social Media,246,Relaxed Satin Dress,Dresses,Tiva,White,XS,28.98,19.66,Female
1,65.26,45.68,45.68,App Mobile,Social Media,247,Polished Cotton Trousers,Pants,Tiva,Black,L,58.86,31.1,Female
1,45.62,45.62,45.62,E-commerce,Website Banner,248,Polished Boxy Tee,T-Shirts,Tiva,White,XL,36.79,25.38,Female
1,45.58,45.58,45.58,App Mobile,App Mobile,249,Polished Silk Set,Sleepwear,Tiva,White,XL,28.42,19.58,Female
1,45.58,45.58,45.58,E-commerce,Website Banner,250,Relaxed Satin Shoes,Shoes,Tiva,Red,38,68.22,44.75,Female
1,45.42,45.42,45.42,E-commerce,Website Banner,251,Relaxed Wrap Tee,T-Shirts,Tiva,Green,S,36.88,18.01,Female
1,45.42,45.42,45.42,App Mobile,App Mobile,252,Relaxed Linen Tee,T-Shirts,Tiva,Black,S,51.17,26.38,Female
1,50.34,45.31,45.31,E-commerce,Email,253,Relaxed Ribbed Tee,T-Shirts,Tiva,Black,XL,50.55,33.13,Female
1,45.27,45.27,45.27,App Mobile,App Mobile,254,Relaxed Silk Shoes,Shoes,Tiva,Black,35,47.44,23.49,Female
1,45.27,45.27,45.27,App Mobile,App Mobile,255,Polished Satin Trousers,Pants,Tiva,Red,XL,51.0,22.99,Female
1,45.27,45.27,45.27,E-commerce,Website Banner,256,Polished Crew Set,Sleepwear,Tiva,Blue,L,38.41,21.78,Female
1,45.19,45.19,45.19,App Mobile,App Mobile,257,Relaxed Crew Shoes,Shoes,Tiva,Blue,40,77.9,53.04,Female
1,45.15,45.15,45.15,App Mobile,App Mobile,258,Relaxed Sleeveless Shoes,Shoes,Tiva,Red,36,31.48,19.17,Female
1,44.77,44.77,44.77,App Mobile,App Mobile,259,Polished Silk Trousers,Pants,Tiva,White,S,35.73,20.4,Female
1,44.45,44.45,44.45,App Mobile,App Mobile,260,Relaxed Silk Dress,Dresses,Tiva,White,XS,64.28,27.59,Female
1,44.32,44.32,44.32,E-commerce,Website Banner,261,Relaxed Cotton Tee,T-Shirts,Tiva,White,M,46.1,26.95,Female
1,44.32,44.32,44.32,E-commerce,Website Banner,262,Polished Sleeveless Set,Sleepwear,Tiva,Red,XS,52.94,36.9,Female
1,44.14,44.14,44.14,App Mobile,App Mobile,263,Relaxed High-Waist Shoes,Shoes,Tiva,White,XS,42.48,18.78,Female
1,44.12,44.12,44.12,E-commerce,Website Banner,264,Relaxed Satin Tee,T-Shirts,Tiva,White,M,55.01,30.56,Female
1,44.12,44.12,44.12,E-commerce,Website Banner,265,Relaxed Boxy Shoes,Shoes,Tiva,Green,36,55.25,36.64,Female
1,44.08,44.08,44.08,E-commerce,Website Banner,266,Polished Crew Trousers,Pants,Tiva,Green,L,61.67,38.37,Female
1,44.08,44.08,44.08,App Mobile,App Mobile,267,Polished High-Waist Set,Sleepwear,Tiva,Green,L,53.91,32.84,Female
1,44.06,44.06,44.06,App Mobile,App Mobile,268,Polished Boxy Set,Sleepwear,Tiva,Black,S,49.59,30.29,Female
1,44.06,44.06,44.06,E-commerce,Website Banner,269,Relaxed Crew Dress,Dresses,Tiva,Red,XS,77.59,39.4,Female
1,43.92,43.92,43.92,App Mobile,App Mobile,270,Relaxed Silk Tee,T-Shirts,Tiva,White,S,70.46,34.39,Female
1,43.92,43.92,43.92,E-commerce,Website Banner,271,Essential Wrap Shoes,Shoes,Tiva,White,40,54.28,34.89,Female
1,43.64,43.64,43.64,E-commerce,Website Banner,272,Essential Linen Shoes,Shoes,Tiva,White,38,74.17,47.69,Female
1,43.43,43.43,43.43,App Mobile,App Mobile,273,Relaxed Crew Tee,T-Shirts,Tiva,White,M,50.72,33.48,Female
1,43.38,43.38,43.38,E-commerce,Website Banner,274,Relaxed Wrap Set,Sleepwear,Tiva,Red,XL,48.38,32.61,Female
1,43.14,43.14,43.14,E-commerce,Website Banner,275,Relaxed Sleeveless Tee,T-Shirts,Tiva,Red,XL,52.11,28.84,Female
1,61.51,43.06,43.06,App Mobile,Social Media,276,Relaxed High-Waist Tee,T-Shirts,Tiva,Red,M,64.44,35.47,Female
1,43.06,43.06,43.06,App Mobile,App Mobile,277,Relaxed Boxy Tee,T-Shirts,Tiva,Blue,L,43.92,28.09,Female
1,43.04,43.04,43.04,E-commerce,Website Banner,278,Essential Wrap Tee,T-Shirts,Tiva,Red,M,50.41,29.99,Female
1,42.72,42.72,42.72,E-commerce,Website Banner,279,Relaxed Linen Set,Sleepwear,Tiva,Black,S,51.58,31.49,Female
1,42.72,42.72,42.72,E-commerce,Website Banner,280,Essential Linen Tee,T-Shirts,Tiva,Green,XS,44.14,28.19,Female
1,42.67,42.67,42.67,E-commerce,Website Banner,281,Polished Sleeveless Trousers,Pants,Tiva,Blue,M,65.94,43.98,Female
1,42.66,42.66,42.66,App Mobile,App Mobile,282,Polished High-Waist Trousers,Pants,Tiva,Red,XL,52.12,26.13,Female
1,42.5,42.5,42.5,App Mobile,App Mobile,283,Essential Ribbed Shoes,Shoes,Tiva,Red,38,39.62,20.31,Female
1,42.47,42.47,42.47,E-commerce,Website Banner,284,Essential Cotton Shoes,Shoes,Tiva,White,35,81.79,35.02,Female
1,42.47,42.47,42.47,E-commerce,Website Banner,285,Relaxed Sleeveless Dress,Dresses,Tiva,Red,XS,40.63,23.3,Female
1,42.24,42.24,42.24,E-commerce,Website Banner,286,Essential Satin Shoes,Shoes,Tiva,Blue,36,58.91,24.2,Female
1,60.34,42.24,42.24,App Mobile,Social Media,287,Relaxed Ribbed Set,Sleepwear,Tiva,Blue,XL,60.34,32.56,Female
1,42.14,42.14,42.14,E-commerce,Website Banner,288,Essential Ribbed Tee,T-Shirts,Tiva,Black,M,57.11,32.14,Female
1,42.14,42.14,42.14,E-commerce,Website Banner,289,Relaxed High-Waist Dress,Dresses,Tiva,White,XS,41.51,20.17,Female
1,42.1,42.1,42.1,E-commerce,Website Banner,290,Relaxed Cotton Set,Sleepwear,Tiva,Blue,XL,50.86,29.36,Female
1,41.88,41.88,41.88,App Mobile,App Mobile,291,Essential Silk Shoes,Shoes,Tiva,Green,XS,59.56,24.37,Female
1,41.84,41.84,41.84,App Mobile,App Mobile,292,Essential Cotton Tee,T-Shirts,Tiva,White,XS,40.12,16.5,Female
1,41.7,41.7,41.7,App Mobile,App Mobile,293,Essential Crew Shoes,Shoes,Tiva,Blue,XS,40.77,26.37,Female
1,59.56,41.69,41.69,App Mobile,Social Media,294,Essential Sleeveless Shoes,Shoes,Tiva,Green,XS,56.69,28.8,Female
1,41.64,41.64,41.64,App Mobile,App Mobile,295,Polished Boxy Trousers,Pants,Tiva,Black,L,48.73,21.35,Female
1,41.56,41.56,41.56,App Mobile,App Mobile,296,Relaxed Boxy Dress,Dresses,Tiva,Black,M,67.07,37.34,Female
1,41.51,41.51,41.51,App Mobile,App Mobile,297,Essential High-Waist Shoes,Shoes,Tiva,Blue,35,65.17,41.12,Female
1,41.26,41.26,41.26,App Mobile,App Mobile,298,Essential Boxy Shoes,Shoes,Tiva,Black,XS,33.94,15.77,Female
1,41.26,41.26,41.26,E-commerce,Website Banner,299,Essential Wrap Dress,Dresses,Tiva,Red,S,52.65,30.9,Female
1,40.99,40.99,40.99,App Mobile,App Mobile,300,Tailored Wrap Shoes,Shoes,Tiva,Black,36,48.88,20.8,Female
1,40.99,40.99,40.99,App Mobile,App Mobile,301,Essential Linen Dress,Dresses,Tiva,Red,M,48.72,20.24,Female
1,40.99,40.99,40.99,E-commerce,Website Banner,302,Essential Satin Tee,T-Shirts,Tiva,Green,XS,43.4,24.28,Female
1,40.92,40.92,40.92,App Mobile,App Mobile,303,Relaxed Satin Set,Sleepwear,Tiva,Green,XL,56.58,31.81,Female
1,40.92,40.92,40.92,App Mobile,App Mobile,304,Essential Silk Tee,T-Shirts,Tiva,Black,XL,54.88,32.45,Female
1,40.92,40.92,40.92,App Mobile,App Mobile,305,Relaxed Wrap Trousers,Pants,Tiva,Blue,L,60.79,37.56,Female
1,58.34,40.84,40.84,App Mobile,Social Media,306,Relaxed Silk Set,Sleepwear,Tiva,Green,XS,74.67,51.73,Female
1,58.26,40.78,40.78,App Mobile,Social Media,307,Essential Crew Tee,T-Shirts,Tiva,White,S,66.87,37.11,Female
1,40.77,40.77,40.77,App Mobile,App Mobile,308,Relaxed Linen Trousers,Pants,Tiva,Red,L,43.27,21.5,Female
1,40.77,40.77,40.77,App Mobile,App Mobile,309,Essential Ribbed Dress,Dresses,Tiva,Red,M,42.14,26.91,Female
1,40.77,40.77,40.77,E-commerce,Website Banner,310,Relaxed Ribbed Trousers,Pants,Tiva,Green,L,72.1,34.7,Female
1,40.75,40.75,40.75,E-commerce,Website Banner,311,Essential Cotton Dress,Dresses,Tiva,White,XL,43.38,23.06,Female
1,40.75,40.75,40.75,E-commerce,Website Banner,312,Essential Satin Dress,Dresses,Tiva,Red,XL,43.84,18.57,Female
1,40.5,40.5,40.5,E-commerce,Website Banner,313,Relaxed Crew Set,Sleepwear,Tiva,Red,L,35.69,14.55,Female
1,57.8,40.46,40.46,App Mobile,Social Media,314,Relaxed Sleeveless Set,Sleepwear,Tiva,Green,M,56.29,38.77,Female
1,40.36,40.36,40.36,E-commerce,Website Banner,315,Essential Sleeveless Tee,T-Shirts,Tiva,Blue,S,67.02,43.62,Female
1,40.25,40.25,40.25,E-commerce,Website Banner,316,Essential High-Waist Tee,T-Shirts,Tiva,Red,XS,45.73,27.84,Female
1,40.12,40.12,40.12,E-commerce,Website Banner,317,Relaxed High-Waist Set,Sleepwear,Tiva,Black,XL,62.63,32.74,Female
1,56.84,39.79,39.79,App Mobile,Social Media,318,Essential Boxy Tee,T-Shirts,Tiva,White,S,37.55,16.97,Female
1,39.78,39.78,39.78,App Mobile,App Mobile,319,Essential Silk Dress,Dresses,Tiva,Red,M,24.05,10.75,Female
1,39.78,39.78,39.78,App Mobile,App Mobile,320,Essential Crew Dress,Dresses,Tiva,Blue,S,74.26,35.28,Female
1,39.78,39.78,39.78,E-commerce,Website Banner,321,Relaxed Cotton Trousers,Pants,Tiva,White,XS,58.09,32.81,Female
1,39.62,39.62,39.62,E-commerce,Website Banner,322,Essential Sleeveless Dress,Dresses,Tiva,Black,S,44.45,27.31,Female
1,39.42,39.42,39.42,App Mobile,App Mobile,323,Tailored Wrap Tee,T-Shirts,Tiva,Blue,XS,62.34,37.28,Female
1,39.34,39.34,39.34,E-commerce,Website Banner,324,Tailored Linen Tee,T-Shirts,Tiva,Green,S,60.31,29.19,Female
1,39.34,39.34,39.34,E-commerce,Website Banner,325,Tailored Linen Shoes,Shoes,Tiva,Red,35,39.78,27.31,Female
1,39.22,39.22,39.22,E-commerce,Website Banner,326,Essential High-Waist Dress,Dresses,Tiva,White,S,56.7,35.23,Female
1,39.18,39.18,39.18,E-commerce,Website Banner,327,Essential Boxy Dress,Dresses,Tiva,Green,M,74.24,42.04,Female
1,39.18,39.18,39.18,E-commerce,Website Banner,328,Tailored Wrap Dress,Dresses,Tiva,White,XS,39.83,23.24,Female
1,39.09,39.09,39.09,E-commerce,Website Banner,329,Relaxed Boxy Set,Sleepwear,Tiva,Blue,XS,43.09,22.66,Female
1,39.09,39.09,39.09,E-commerce,Website Banner,330,Essential Wrap Set,Sleepwear,Tiva,Blue,XS,33.94,16.1,Female
1,43.38,39.04,39.04,E-commerce,Email,331,Relaxed Satin Trousers,Pants,Tiva,Black,L,53.34,27.03,Female
1,39.03,39.03,39.03,E-commerce,Website Banner,332,Tailored Linen Dress,Dresses,Tiva,Blue,XL,65.88,41.33,Female
1,38.9,38.9,38.9,App Mobile,App Mobile,333,Relaxed Silk Trousers,Pants,Tiva,Red,S,46.04,18.61,Female
1,38.81,38.81,38.81,E-commerce,Website Banner,334,Tailored Ribbed Dress,Dresses,Tiva,Black,M,20.82,9.05,Female
1,38.81,38.81,38.81,App Mobile,App Mobile,335,Tailored Ribbed Shoes,Shoes,Tiva,Blue,38,45.97,19.02,Female
1,38.74,38.74,38.74,E-commerce,Website Banner,336,Tailored Ribbed Tee,T-Shirts,Tiva,Black,XL,51.22,21.11,Female
1,38.68,38.68,38.68,E-commerce,Website Banner,337,Essential Linen Set,Sleepwear,Tiva,Red,M,71.72,47.09,Female
1,38.68,38.68,38.68,App Mobile,App Mobile,338,Essential Ribbed Set,Sleepwear,Tiva,White,M,33.39,20.4,Female
1,55.06,38.54,38.54,App Mobile,Social Media,339,Tailored Cotton Tee,T-Shirts,Tiva,Red,S,30.35,16.46,Female
1,38.52,38.52,38.52,E-commerce,Website Banner,340,Tailored Cotton Shoes,Shoes,Tiva,Black,XS,60.83,26.12,Female
1,55.01,38.51,38.51,App Mobile,Social Media,341,Essential Cotton Set,Sleepwear,Tiva,Black,XL,51.4,28.14,Female
1,38.41,38.41,38.41,E-commerce,Website Banner,342,Essential Satin Set,Sleepwear,Tiva,White,XS,34.35,18.62,Female
1,38.41,38.41,38.41,E-commerce,Website Banner,343,Tailored Satin Tee,T-Shirts,Tiva,White,L,34.39,15.54,Female
1,54.83,38.38,38.38,App Mobile,Social Media,344,Tailored Silk Tee,T-Shirts,Tiva,Blue,XL,42.1,22.32,Female
1,38.14,38.14,38.14,App Mobile,App Mobile,345,Tailored Crew Tee,T-Shirts,Tiva,Red,S,46.36,24.09,Female
1,38.14,38.14,38.14,App Mobile,App Mobile,346,Relaxed Crew Trousers,Pants,Tiva,Green,XL,15.31,8.95,Female
1,38.14,38.14,38.14,App Mobile,App Mobile,347,Tailored Sleeveless Tee,T-Shirts,Tiva,Blue,XS,59.92,35.38,Female
1,54.38,38.07,38.07,App Mobile,Social Media,348,Essential Silk Set,Sleepwear,Tiva,Green,S,34.47,14.26,Female
1,38.06,38.06,38.06,E-commerce,Website Banner,349,Tailored Satin Shoes,Shoes,Tiva,Green,35,46.72,23.94,Female
1,38.06,38.06,38.06,App Mobile,App Mobile,350,Essential Crew Set,Sleepwear,Tiva,Red,XS,27.62,16.23,Female
1,38.03,38.03,38.03,E-commerce,Website Banner,351,Relaxed Sleeveless Trousers,Pants,Tiva,Green,L,46.11,25.4,Female
1,38.03,38.03,38.03,App Mobile,App Mobile,352,Essential Sleeveless Set,Sleepwear,Tiva,Green,S,61.12,40.15,Female
1,37.94,37.94,37.94,App Mobile,App Mobile,353,Relaxed High-Waist Trousers,Pants,Tiva,White,XS,69.54,41.56,Female
1,37.45,37.45,37.45,E-commerce,Website Banner,354,Tailored High-Waist Tee,T-Shirts,Tiva,Black,S,52.42,23.53,Female
1,37.45,37.45,37.45,App Mobile,App Mobile,355,Relaxed Boxy Trousers,Pants,Tiva,Black,XL,21.38,9.0,Female
1,37.11,37.11,37.11,E-commerce,Website Banner,356,Essential High-Waist Set,Sleepwear,Tiva,Black,XL,72.41,42.92,Female
1,37.06,37.06,37.06,E-commerce,Website Banner,357,Essential Boxy Set,Sleepwear,Tiva,Green,XL,56.91,23.22,Female
1,37.06,37.06,37.06,App Mobile,App Mobile,358,Tailored Wrap Set,Sleepwear,Tiva,Blue,L,71.86,41.37,Female
1,52.94,37.06,37.06,App Mobile,Social Media,359,Tailored Silk Shoes,Shoes,Tiva,Blue,38,74.28,50.66,Female
1,37.06,37.06,37.06,E-commerce,Website Banner,360,Tailored Boxy Tee,T-Shirts,Tiva,Green,M,69.48,39.79,Female
1,36.99,36.99,36.99,App Mobile,App Mobile,361,Tailored Linen Set,Sleepwear,Tiva,White,M,51.76,26.73,Female
1,52.83,36.98,36.98,App Mobile,Social Media,362,Tailored Ribbed Set,Sleepwear,Tiva,White,L,32.64,19.36,Female
1,36.88,36.88,36.88,E-commerce,Website Banner,363,Tailored Cotton Dress,Dresses,Tiva,Red,M,43.64,23.46,Female
1,36.88,36.88,36.88,E-commerce,Website Banner,364,Tailored Satin Dress,Dresses,Tiva,White,XS,36.34,20.48,Female
1,36.84,36.84,36.84,App Mobile,App Mobile,365,Elegant Wrap Tee,T-Shirts,Tiva,Green,XS,67.76,46.24,Female
1,36.65,36.65,36.65,E-commerce,Website Banner,366,Essential Wrap Trousers,Pants,Tiva,White,XS,58.34,30.09,Female
1,36.47,36.47,36.47,App Mobile,App Mobile,367,Tailored Silk Dress,Dresses,Tiva,Green,M,51.38,35.37,Female
1,52.08,36.46,36.46,App Mobile,Social Media,368,Elegant Linen Tee,T-Shirts,Tiva,Green,L,53.48,35.92,Female
1,36.01,36.01,36.01,E-commerce,Website Banner,369,Tailored Crew Dress,Dresses,Tiva,Green,XL,43.04,19.74,Female
1,51.38,35.97,35.97,App Mobile,Social Media,370,Elegant Ribbed Tee,T-Shirts,Tiva,Blue,XS,50.34,21.18,Female
1,35.69,35.69,35.69,E-commerce,Website Banner,371,Elegant Cotton Tee,T-Shirts,Tiva,White,XL,63.82,27.46,Female
1,35.69,35.69,35.69,App Mobile,App Mobile,372,Essential Linen Trousers,Pants,Tiva,Blue,S,63.79,25.86,Female
1,39.2,35.28,35.28,E-commerce,Email,373,Tailored Crew Shoes,Shoes,Tiva,Black,36,44.12,18.9,Female
1,35.2,35.2,35.2,E-commerce,Website Banner,374,Tailored Cotton Set,Sleepwear,Tiva,Black,XL,43.43,26.27,Female
1,35.2,35.2,35.2,E-commerce,Website Banner,375,Tailored Sleeveless Shoes,Shoes,Tiva,Black,36,42.67,17.98,Female
1,38.9,35.01,35.01,E-commerce,Email,376,Tailored Satin Set,Sleepwear,Tiva,Black,S,38.52,19.09,Female
1,49.41,34.59,34.59,App Mobile,Social Media,377,Tailored High-Waist Shoes,Shoes,Tiva,White,40,42.5,27.77,Female
1,34.58,34.58,34.58,App Mobile,App Mobile,378,Essential Ribbed Trousers,Pants,Tiva,Black,M,62.39,25.39,Female
1,34.45,34.45,34.45,E-commerce,Website Banner,379,Essential Cotton Trousers,Pants,Tiva,White,L,70.82,45.63,Female
1,34.45,34.45,34.45,E-commerce,Website Banner,380,Tailored Silk Set,Sleepwear,Tiva,White,M,59.84,29.0,Female
1,34.23,34.23,34.23,E-commerce,Website Banner,381,Elegant Satin Tee,T-Shirts,Tiva,White,S,35.59,15.5,Female
1,33.95,33.95,33.95,App Mobile,App Mobile,382,Tailored Sleeveless Dress,Dresses,Tiva,Green,S,62.52,38.08,Female
1,33.95,33.95,33.95,App Mobile,App Mobile,383,Tailored Crew Set,Sleepwear,Tiva,Black,L,66.38,39.08,Female
1,33.94,33.94,33.94,E-commerce,Website Banner,384,Tailored Sleeveless Set,Sleepwear,Tiva,Black,S,58.94,39.09,Female
1,33.59,33.59,33.59,App Mobile,App Mobile,385,Essential Satin Trousers,Pants,Tiva,Red,M,63.23,39.24,Female
1,33.59,33.59,33.59,E-commerce,Website Banner,386,Tailored High-Waist Dress,Dresses,Tiva,Green,L,51.38,32.94,Female
1,33.39,33.39,33.39,E-commerce,Website Banner,387,Tailored High-Waist Set,Sleepwear,Tiva,Green,M,38.06,18.44,Female
1,33.39,33.39,33.39,E-commerce,Website Banner,388,Tailored Boxy Dress,Dresses,Tiva,Black,S,34.23,15.51,Female
1,47.47,33.23,33.23,App Mobile,Social Media,389,Tailored Boxy Set,Sleepwear,Tiva,Black,XL,54.76,34.24,Female
1,32.94,32.94,32.94,App Mobile,App Mobile,390,Tailored Boxy Shoes,Shoes,Tiva,Blue,35,59.33,38.09,Female
1,46.89,32.82,32.82,App Mobile,Social Media,391,Elegant Wrap Dress,Dresses,Tiva,Red,XL,59.77,41.67,Female
1,32.41,32.41,32.41,App Mobile,App Mobile,392,Elegant Wrap Shoes,Shoes,Tiva,Black,40,75.47,39.53,Female
1,32.21,32.21,32.21,E-commerce,Website Banner,393,Elegant Wrap Set,Sleepwear,Tiva,Green,XS,52.88,27.05,Female
1,32.21,32.21,32.21,E-commerce,Website Banner,394,Elegant Silk Tee,T-Shirts,Tiva,Red,XS,52.58,33.28,Female
1,32.05,32.05,32.05,E-commerce,Website Banner,395,Elegant Linen Dress,Dresses,Tiva,Black,L,42.31,21.25,Female
1,31.86,31.86,31.86,E-commerce,Website Banner,396,Elegant Crew Tee,T-Shirts,Tiva,Blue,L,51.0,34.64,Female
1,31.86,31.86,31.86,App Mobile,App Mobile,397,Elegant Ribbed Dress,Dresses,Tiva,Black,M,26.48,17.41,Female
1,31.84,31.84,31.84,App Mobile,App Mobile,398,Elegant Linen Set,Sleepwear,Tiva,Red,L,71.15,37.62,Female
1,31.84,31.84,31.84,App Mobile,App Mobile,399,Elegant Linen Shoes,Shoes,Tiva,Green,38,61.6,38.52,Female
1,31.84,31.84,31.84,E-commerce,Website Banner,400,Essential Silk Trousers,Pants,Tiva,Black,L,29.68,18.59,Female
1,31.67,31.67,31.67,App Mobile,App Mobile,401,Elegant Cotton Dress,Dresses,Tiva,Blue,XL,30.83,13.29,Female
1,31.61,31.61,31.61,E-commerce,Website Banner,402,Elegant Ribbed Set,Sleepwear,Tiva,Black,S,34.45,23.11,Female
1,31.48,31.48,31.48,App Mobile,App Mobile,403,Elegant Satin Dress,Dresses,Tiva,Red,L,81.8,45.12,Female
1,44.77,31.34,31.34,App Mobile,Social Media,404,Elegant Cotton Set,Sleepwear,Tiva,Black,L,45.19,29.28,Female
1,31.15,31.15,31.15,App Mobile,App Mobile,405,Elegant Silk Dress,Dresses,Tiva,Blue,XL,34.71,17.22,Female
1,30.85,30.85,30.85,E-commerce,Website Banner,406,Essential Crew Trousers,Pants,Tiva,White,S,53.74,35.93,Female
1,30.85,30.85,30.85,App Mobile,App Mobile,407,Elegant Sleeveless Tee,T-Shirts,Tiva,White,S,56.84,29.37,Female
1,30.83,30.83,30.83,E-commerce,Website Banner,408,Elegant High-Waist Tee,T-Shirts,Tiva,Red,S,37.17,14.99,Female
1,30.83,30.83,30.83,App Mobile,App Mobile,409,Elegant Ribbed Shoes,Shoes,Tiva,Red,35,47.84,32.13,Female
1,30.41,30.41,30.41,E-commerce,Website Banner,410,Elegant Satin Set,Sleepwear,Tiva,White,M,47.47,20.29,Female
1,30.26,30.26,30.26,E-commerce,Website Banner,411,Elegant Silk Set,Sleepwear,Tiva,Green,XS,43.94,21.79,Female
1,29.97,29.97,29.97,App Mobile,App Mobile,412,Elegant Cotton Shoes,Shoes,Tiva,Black,38,60.33,41.33,Female
1,29.82,29.82,29.82,E-commerce,Website Banner,413,Elegant Satin Shoes,Shoes,Tiva,Black,40,76.15,52.18,Female
1,29.81,29.81,29.81,E-commerce,Website Banner,414,Elegant Crew Set,Sleepwear,Tiva,Blue,XS,35.2,20.14,Female
1,29.68,29.68,29.68,E-commerce,Website Banner,415,Essential Sleeveless Trousers,Pants,Tiva,White,XS,28.73,16.94,Female
1,29.63,29.63,29.63,E-commerce,Website Banner,416,Essential High-Waist Trousers,Pants,Tiva,White,XL,53.46,28.58,Female
1,41.88,29.32,29.32,App Mobile,Social Media,417,Elegant Silk Shoes,Shoes,Tiva,White,38,38.42,18.75,Female
1,28.98,28.98,28.98,App Mobile,App Mobile,418,Elegant Crew Shoes,Shoes,Tiva,Blue,36,31.84,15.88,Female
1,28.98,28.98,28.98,App Mobile,App Mobile,419,Elegant Crew Dress,Dresses,Tiva,Blue,L,50.34,30.29,Female
1,28.73,28.73,28.73,E-commerce,Website Banner,420,Elegant Sleeveless Shoes,Shoes,Tiva,Green,36,72.58,45.41,Female
1,28.42,28.42,28.42,E-commerce,Website Banner,421,Elegant Sleeveless Set,Sleepwear,Tiva,Green,XS,50.89,32.44,Female
1,28.42,28.42,28.42,E-commerce,Website Banner,422,Elegant High-Waist Set,Sleepwear,Tiva,Green,M,55.91,35.61,Female
1,31.09,27.98,27.98,E-commerce,Email,423,Elegant Boxy Tee,T-Shirts,Tiva,Black,L,41.64,17.8,Female
1,39.83,27.88,27.88,App Mobile,Social Media,424,Elegant Sleeveless Dress,Dresses,Tiva,Blue,XL,55.39,30.37,Female
1,27.5,27.5,27.5,App Mobile,App Mobile,425,Elegant Boxy Set,Sleepwear,Tiva,Red,S,53.99,22.53,Female
1,27.5,27.5,27.5,E-commerce,Website Banner,426,Elegant High-Waist Dress,Dresses,Tiva,Black,M,51.97,29.36,Female
1,30.41,27.37,27.37,E-commerce,Email,427,Bold Wrap Set,Sleepwear,Tiva,Black,XL,36.01,19.17,Female
1,27.34,27.34,27.34,E-commerce,Website Banner,428,Elegant High-Waist Shoes,Shoes,Tiva,Blue,38,61.22,40.79,Female
1,29.82,26.84,26.84,E-commerce,Email,429,Bold Wrap Tee,T-Shirts,Tiva,White,L,43.34,21.9,Female
1,37.8,26.46,26.46,App Mobile,Social Media,430,Bold Linen Set,Sleepwear,Tiva,Green,XS,33.98,14.79,Female
1,26.41,26.41,26.41,E-commerce,Website Banner,431,Elegant Boxy Shoes,Shoes,Tiva,Blue,35,30.41,13.47,Female
1,25.7,25.7,25.7,App Mobile,App Mobile,432,Bold Linen Tee,T-Shirts,Tiva,Blue,M,52.39,32.92,Female
1,25.7,25.7,25.7,App Mobile,App Mobile,433,Essential Boxy Trousers,Pants,Tiva,Red,XS,60.12,35.2,Female
1,27.94,25.15,25.15,E-commerce,Email,434,Bold Ribbed Tee,T-Shirts,Tiva,Blue,XS,43.14,18.56,Female
1,25.15,25.15,25.15,E-commerce,Website Banner,435,Tailored Wrap Trousers,Pants,Tiva,Blue,XL,64.5,27.43,Female
1,24.8,24.8,24.8,E-commerce,Website Banner,436,Bold Wrap Shoes,Shoes,Tiva,Blue,40,49.81,30.4,Female
1,24.8,24.8,24.8,E-commerce,Website Banner,437,Elegant Boxy Dress,Dresses,Tiva,Green,L,62.17,26.23,Female
1,24.05,24.05,24.05,App Mobile,App Mobile,438,Bold Wrap Dress,Dresses,Tiva,Blue,XS,38.74,25.05,Female
1,24.05,24.05,24.05,E-commerce,Website Banner,439,Tailored Linen Trousers,Pants,Tiva,Black,M,53.93,33.0,Female
1,33.94,23.76,23.76,App Mobile,Social Media,440,Bold Linen Shoes,Shoes,Tiva,Red,38,52.08,22.1,Female
1,23.13,23.13,23.13,App Mobile,App Mobile,441,Bold Linen Dress,Dresses,Tiva,Red,L,36.99,15.74,Female
1,22.96,22.96,22.96,E-commerce,Website Banner,442,Bold Ribbed Dress,Dresses,Tiva,White,XS,53.27,37.08,Female
1,24.96,22.46,22.46,E-commerce,Email,443,Bold Ribbed Set,Sleepwear,Tiva,Black,S,23.13,11.85,Female
1,31.61,22.13,22.13,App Mobile,Social Media,444,Bold Cotton Dress,Dresses,Tiva,Black,XL,61.78,31.58,Female
1,21.53,21.53,21.53,App Mobile,App Mobile,445,Bold Cotton Set,Sleepwear,Tiva,White,S,52.28,33.66,Female
1,20.82,20.82,20.82,App Mobile,App Mobile,446,Bold Cotton Tee,T-Shirts,Tiva,Black,L,55.14,37.73,Female
1,25.38,17.77,17.77,App Mobile,Social Media,447,Bold Satin Dress,Dresses,Tiva,Green,L,47.66,33.16,Female
1,24.96,17.47,17.47,App Mobile,Social Media,448,Bold Silk Dress,Dresses,Tiva,White,S,75.62,47.34,Female
1,24.05,16.84,16.84,App Mobile,Social Media,449,Bold Satin Set,Sleepwear,Tiva,Green,L,46.9,24.05,Female
1,23.13,16.19,16.19,App Mobile,Social Media,450,Bold Silk Set,Sleepwear,Tiva,White,M,50.85,21.61,Female
1,22.96,16.07,16.07,App Mobile,Social Media,451,Bold Satin Tee,T-Shirts,Tiva,Red,XL,37.8,23.93,Female
1,22.66,15.86,15.86,App Mobile,Social Media,452,Bold Crew Dress,Dresses,Tiva,Red,XS,30.85,17.51,Female
1,21.53,15.07,15.07,App Mobile,Social Media,453,Bold Silk Tee,T-Shirts,Tiva,Blue,XS,32.05,16.9,Female
1,14.64,14.64,14.64,E-commerce,Website Banner,454,Bold Crew Set,Sleepwear,Tiva,Black,L,35.16,23.62,Female
1,13.51,13.51,13.51,E-commerce,Website Banner,455,Tailored Ribbed Trousers,Pants,Tiva,White,L,48.03,20.81,Female
2,81.79,81.79,163.58,E-commerce,Website Banner,456,Bold Sleeveless Dress,Dresses,Tiva,Blue,M,39.09,21.41,Female
2,81.7,81.7,163.4,App Mobile,App Mobile,457,Bold Crew Tee,T-Shirts,Tiva,Black,M,31.61,12.75,Female
2,81.06,81.06,162.12,E-commerce,Website Banner,458,Bold Sleeveless Set,Sleepwear,Tiva,White,S,53.35,28.84,Female
2,81.06,81.06,162.12,E-commerce,Website Banner,459,Bold High-Waist Dress,Dresses,Tiva,Green,XS,75.17,31.34,Female
2,81.06,81.06,162.12,App Mobile,App Mobile,460,Bold Sleeveless Tee,T-Shirts,Tiva,Black,M,48.64,21.19,Female
2,81.06,81.06,162.12,E-commerce,Website Banner,461,Bold High-Waist Tee,T-Shirts,Tiva,Green,M,54.91,23.9,Female
2,80.76,80.76,161.52,E-commerce,Website Banner,462,Bold High-Waist Set,Sleepwear,Tiva,White,XS,28.58,17.0,Female
2,78.63,78.63,157.26,App Mobile,App Mobile,463,Bold Boxy Dress,Dresses,Tiva,Blue,S,70.56,44.02,Female
2,78.45,78.45,156.9,E-commerce,Website Banner,464,Bold Ribbed Shoes,Shoes,Tiva,White,XS,59.58,34.26,Female
2,76.96,76.96,153.92,E-commerce,Website Banner,465,Bold Boxy Set,Sleepwear,Tiva,Green,S,28.98,19.96,Female
2,76.96,76.96,153.92,App Mobile,App Mobile,466,Bold Boxy Tee,T-Shirts,Tiva,Red,XL,59.9,30.7,Female
2,75.62,75.62,151.24,App Mobile,App Mobile,467,Tailored Cotton Trousers,Pants,Tiva,Black,M,39.22,19.05,Female
2,75.17,75.17,150.34,E-commerce,Website Banner,468,Sleepwear Drop 1,Sleepwear,Tiva,Red,XL,51.8,34.22,Female
2,74.81,74.81,149.62,App Mobile,App Mobile,469,Dresses Drop 1,Dresses,Tiva,Red,L,64.08,29.93,Female
2,74.81,74.81,149.62,App Mobile,App Mobile,470,Sleepwear Drop 2,Sleepwear,Tiva,White,XL,67.73,46.66,Female
2,74.28,74.28,148.56,App Mobile,App Mobile,471,T-Shirts Drop 1,T-Shirts,Tiva,Black,L,40.92,16.52,Female
2,74.28,74.28,148.56,E-commerce,Website Banner,472,Tailored Satin Trousers,Pants,Tiva,White,XL,59.9,41.39,Female
2,74.24,74.24,148.48,E-commerce,Website Banner,473,Dresses Drop 2,Dresses,Tiva,Blue,M,57.98,23.94,Female
2,72.58,72.58,145.16,App Mobile,App Mobile,474,Bold Cotton Shoes,Shoes,Tiva,Red,XS,68.47,45.69,Female
2,72.58,72.58,145.16,App Mobile,App Mobile,475,Dresses Drop 3,Dresses,Tiva,Red,S,39.69,22.16,Female
2,71.86,71.86,143.72,E-commerce,Website Banner,476,Bold Satin Shoes,Shoes,Tiva,Black,36,42.72,29.81,Female
2,71.72,71.72,143.44,App Mobile,App Mobile,477,Bold Silk Shoes,Shoes,Tiva,Red,36,38.9,16.42,Female
2,70.86,70.86,141.72,App Mobile,App Mobile,478,T-Shirts Drop 2,T-Shirts,Tiva,Blue,XL,66.52,37.66,Female
2,70.56,70.56,141.12,App Mobile,App Mobile,479,Dresses Drop 4,Dresses,Tiva,Blue,S,47.42,32.76,Female
2,67.98,67.98,135.96,E-commerce,Website Banner,480,Dresses Drop 5,Dresses,Tiva,Black,XL,51.63,28.75,Female
2,67.98,67.98,135.96,E-commerce,Website Banner,481,Bold Crew Shoes,Shoes,Tiva,Blue,40,54.87,32.31,Female
2,67.76,67.76,135.52,E-commerce,Website Banner,482,Dresses Drop 6,Dresses,Tiva,Blue,XL,47.59,28.97,Female
2,67.76,67.76,135.52,E-commerce,Website Banner,483,T-Shirts Drop 3,T-Shirts,Tiva,Red,S,60.89,32.66,Female
2,67.29,67.29,134.58,App Mobile,App Mobile,484,Tailored Silk Trousers,Pants,Tiva,Green,M,38.49,22.64,Female
2,67.29,67.29,134.58,E-commerce,Website Banner,485,Bold Sleeveless Shoes,Shoes,Tiva,Blue,38,56.2,32.33,Female
2,66.99,66.99,133.98,App Mobile,App Mobile,486,T-Shirts Drop 4,T-Shirts,Tiva,Black,M,68.03,45.6,Female
2,66.99,66.99,133.98,E-commerce,Website Banner,487,Bold High-Waist Shoes,Shoes,Tiva,Black,38,49.84,20.62,Female
2,66.68,66.68,133.36,App Mobile,App Mobile,488,Sleepwear Drop 3,Sleepwear,Tiva,Red,M,50.68,24.54,Female
2,66.68,66.68,133.36,App Mobile,App Mobile,489,T-Shirts Drop 5,T-Shirts,Tiva,Red,XL,44.21,30.29,Female
2,66.68,66.68,133.36,App Mobile,App Mobile,490,Bold Boxy Shoes,Shoes,Tiva,Black,35,39.42,26.3,Female
2,66.38,66.38,132.76,E-commerce,Website Banner,491,T-Shirts Drop 6,T-Shirts,Tiva,Green,L,22.66,12.16,Female
2,66.38,66.38,132.76,App Mobile,App Mobile,492,Tailored Crew Trousers,Pants,Tiva,Green,XL,37.12,21.75,Female
2,66.33,66.33,132.66,App Mobile,App Mobile,493,Tailored Sleeveless Trousers,Pants,Tiva,Blue,XS,57.37,27.72,Female
2,65.26,65.26,130.52,E-commerce,Website Banner,494,T-Shirts Drop 7,T-Shirts,Tiva,Red,S,53.52,24.43,Female
2,65.26,65.26,130.52,E-commerce,Website Banner,495,Dresses Drop 7,Dresses,Tiva,Blue,XS,36.65,19.76,Female
2,65.26,65.26,130.52,E-commerce,Website Banner,496,Tailored High-Waist Trousers,Pants,Tiva,Black,S,54.61,27.63,Female
2,65.26,65.26,130.52,E-commerce,Website Banner,497,Dresses Drop 8,Dresses,Tiva,Black,L,36.05,20.73,Female
2,64.84,64.84,129.68,E-commerce,Website Banner,498,T-Shirts Drop 8,T-Shirts,Tiva,White,L,38.33,16.23,Female
2,64.84,64.84,129.68,E-commerce,Website Banner,499,Sleepwear Drop 4,Sleepwear,Tiva,Green,M,30.07,20.82,Female
2,64.28,64.28,128.56,E-commerce,Website Banner,500,Dresses Drop 9,Dresses,Tiva,White,XS,38.03,26.46,Female
